time,p1,p2,distance,method
14.1136314868927,1,2,0.0,direct_radius
14.136656522750854,1,2,0.0,direct_radius
14.153640985488892,1,2,0.0,direct_radius
14.330901384353638,1,2,0.35183849930763245,direct_radius
17.932363748550415,2,3,0.3371516764163971,direct_radius
17.932363748550415,1,3,5.932440280914307,direct_radius
18.116869926452637,2,3,0.6674525141716003,direct_radius
18.116869926452637,1,3,5.866784572601318,direct_radius
18.316336631774902,2,3,1.0221633911132812,direct_radius
18.316336631774902,1,3,5.834020137786865,direct_radius
18.530636072158813,2,3,1.4466636180877686,direct_radius
18.530636072158813,1,3,5.768937110900879,direct_radius
18.72961664199829,2,3,1.8112753629684448,direct_radius
18.72961664199829,1,3,5.728312015533447,direct_radius
18.926092386245728,2,3,2.203550100326538,direct_radius
18.926092386245728,1,3,5.677464485168457,direct_radius
19.12755250930786,2,3,2.587451219558716,direct_radius
19.12755250930786,1,3,5.6137189865112305,direct_radius
19.326021909713745,2,3,2.962137460708618,direct_radius
19.326021909713745,1,3,5.578494548797607,direct_radius
19.52648687362671,2,3,3.351773977279663,direct_radius
19.52648687362671,1,3,5.506174087524414,direct_radius
19.72694969177246,2,3,3.719332695007324,direct_radius
19.72694969177246,1,3,5.476060390472412,direct_radius
19.927422046661377,2,3,4.113270282745361,direct_radius
19.927422046661377,1,3,5.426655292510986,direct_radius
20.126888275146484,2,3,4.4781317710876465,direct_radius
20.126888275146484,1,3,5.376102924346924,direct_radius
20.32937002182007,2,3,4.8753509521484375,direct_radius
20.32937002182007,1,3,5.323771953582764,direct_radius
20.52686882019043,2,3,5.25789213180542,direct_radius
20.52686882019043,1,3,5.250853538513184,direct_radius
20.72434091567993,2,3,5.624688148498535,direct_radius
20.72434091567993,1,3,5.221864700317383,direct_radius
20.92580246925354,2,3,6.013560771942139,direct_radius
20.92580246925354,1,3,5.174942493438721,direct_radius
21.12526822090149,2,3,6.38356876373291,direct_radius
21.12526822090149,1,3,5.1261491775512695,direct_radius
21.326731204986572,2,3,6.7785749435424805,direct_radius
21.326731204986572,1,3,5.075340270996094,direct_radius
21.52571415901184,2,3,7.145092964172363,direct_radius
21.52571415901184,1,3,5.023568153381348,direct_radius
21.725182056427002,2,3,7.5370001792907715,direct_radius
21.725182056427002,1,3,4.9722089767456055,direct_radius
22.382972240447998,2,3,8.00097942352295,direct_radius
22.382972240447998,1,3,4.799020767211914,direct_radius
22.382972240447998,4,3,8.00097942352295,direct_radius
22.48968815803528,2,3,8.026286125183105,direct_radius
22.48968815803528,1,3,4.79573392868042,direct_radius
22.48968815803528,4,3,8.026286125183105,direct_radius
22.508636474609375,2,3,8.233929634094238,direct_radius
22.508636474609375,1,3,4.7689127922058105,direct_radius
22.508636474609375,4,3,8.04773235321045,direct_radius
22.526588201522827,2,3,8.271196365356445,direct_radius
22.526588201522827,1,3,4.764102458953857,direct_radius
22.526588201522827,4,3,8.05361557006836,direct_radius
22.721644401550293,2,3,8.654851913452148,direct_radius
22.721644401550293,1,3,4.714217185974121,direct_radius
22.721644401550293,4,3,8.09688949584961,direct_radius
23.06482768058777,2,3,8.95626163482666,direct_radius
23.06482768058777,1,3,4.672743320465088,direct_radius
23.06482768058777,4,3,8.11539363861084,direct_radius
23.164872646331787,2,3,9.33788013458252,direct_radius
23.164872646331787,1,3,4.623241901397705,direct_radius
23.164872646331787,4,3,8.397893905639648,direct_radius
23.366995096206665,2,3,9.778973579406738,direct_radius
23.366995096206665,1,3,4.575751304626465,direct_radius
23.366995096206665,4,3,8.44002914428711,direct_radius
23.518136501312256,2,3,10.17598819732666,direct_radius
23.518136501312256,1,3,4.45286750793457,direct_radius
23.518136501312256,4,3,8.481803894042969,direct_radius
23.71959662437439,2,3,10.5703125,direct_radius
23.71959662437439,1,3,4.401845932006836,direct_radius
23.71959662437439,4,3,8.544489860534668,direct_radius
23.91633415222168,2,3,10.927979469299316,direct_radius
23.917330741882324,1,3,4.353783130645752,direct_radius
23.917330741882324,4,3,8.560623168945312,direct_radius
24.130287885665894,2,3,11.340907096862793,direct_radius
24.130287885665894,1,3,4.30072546005249,direct_radius
24.130287885665894,4,3,8.605325698852539,direct_radius
24.35668158531189,2,3,11.713140487670898,direct_radius
24.35668158531189,1,3,4.263339042663574,direct_radius
24.35668158531189,4,3,8.638007164001465,direct_radius
24.523468732833862,2,3,12.097807884216309,direct_radius
24.523468732833862,1,3,4.157638072967529,direct_radius
24.523468732833862,4,3,8.680904388427734,direct_radius
24.7194504737854,2,3,12.445965766906738,direct_radius
24.7194504737854,1,3,4.141650676727295,direct_radius
24.7194504737854,4,3,8.692692756652832,direct_radius
24.919919967651367,2,3,12.836729049682617,direct_radius
24.919919967651367,1,3,4.0810136795043945,direct_radius
24.919919967651367,4,3,8.758193016052246,direct_radius
25.121887683868408,2,3,13.229471206665039,direct_radius
25.121887683868408,1,3,4.029695987701416,direct_radius
25.121887683868408,4,3,8.802925109863281,direct_radius
25.324860095977783,2,3,13.598639488220215,direct_radius
25.324860095977783,1,3,4.005852222442627,direct_radius
25.324860095977783,4,3,8.838747024536133,direct_radius
25.531307458877563,2,3,14.001893997192383,direct_radius
25.531307458877563,1,3,3.9496917724609375,direct_radius
25.531307458877563,4,3,8.883637428283691,direct_radius
25.719802618026733,2,3,14.356574058532715,direct_radius
25.719802618026733,1,3,3.9133474826812744,direct_radius
25.719802618026733,4,3,8.913277626037598,direct_radius
26.424609661102295,2,3,15.112961769104004,direct_radius
26.424609661102295,1,3,3.287038803100586,direct_radius
26.424609661102295,4,3,9.471675872802734,direct_radius
26.424609661102295,5,3,15.112961769104004,direct_radius
26.441561460494995,2,3,15.194782257080078,direct_radius
26.441561460494995,1,3,3.281491279602051,direct_radius
26.441561460494995,4,3,9.480855941772461,direct_radius
26.441561460494995,5,3,15.194782257080078,direct_radius
26.45849084854126,2,3,15.227971076965332,direct_radius
26.45849084854126,1,3,3.2771894931793213,direct_radius
26.45849084854126,4,3,9.484575271606445,direct_radius
26.45849084854126,5,3,15.19947338104248,direct_radius
26.52331829071045,2,3,15.35306167602539,direct_radius
26.52331829071045,1,3,3.260998010635376,direct_radius
26.52331829071045,4,3,9.49685001373291,direct_radius
26.52331829071045,5,3,15.215445518493652,direct_radius
26.72381830215454,2,3,15.744827270507812,direct_radius
26.72381830215454,1,3,3.210111618041992,direct_radius
26.72381830215454,4,3,9.542661666870117,direct_radius
26.72381830215454,5,3,15.272772789001465,direct_radius
26.92662024497986,2,3,16.134531021118164,direct_radius
26.92662024497986,1,3,3.15216064453125,direct_radius
26.92662024497986,4,3,9.581652641296387,direct_radius
26.92662024497986,5,3,15.32318115234375,direct_radius
27.125088691711426,2,3,16.5209903717041,direct_radius
27.125088691711426,1,3,3.101879119873047,direct_radius
27.125088691711426,4,3,9.625786781311035,direct_radius
27.125088691711426,5,3,15.392928123474121,direct_radius
27.327072620391846,2,3,16.89095687866211,direct_radius
27.327072620391846,1,3,3.0756359100341797,direct_radius
27.327072620391846,4,3,9.646827697753906,direct_radius
27.327072620391846,5,3,15.425660133361816,direct_radius
27.525580167770386,2,3,17.27937889099121,direct_radius
27.525580167770386,1,3,3.0027880668640137,direct_radius
27.525580167770386,4,3,9.699371337890625,direct_radius
27.525580167770386,5,3,15.479732513427734,direct_radius
27.72356867790222,2,3,17.664663314819336,direct_radius
27.72356867790222,1,3,2.952899694442749,direct_radius
27.72356867790222,4,3,9.74244213104248,direct_radius
27.72356867790222,5,3,15.544368743896484,direct_radius
27.92004108428955,2,3,18.03556251525879,direct_radius
27.92004108428955,1,3,2.907688617706299,direct_radius
27.92004108428955,4,3,9.774988174438477,direct_radius
27.92004108428955,5,3,15.588926315307617,direct_radius
28.118510484695435,2,3,18.425304412841797,direct_radius
28.118510484695435,1,3,2.8566644191741943,direct_radius
28.118510484695435,4,3,9.81987190246582,direct_radius
28.118510484695435,5,3,15.645051956176758,direct_radius
28.31797766685486,2,3,18.801477432250977,direct_radius
28.31797766685486,1,3,2.8006367683410645,direct_radius
28.31797766685486,4,3,9.852530479431152,direct_radius
28.31797766685486,5,3,15.691963195800781,direct_radius
28.516446590423584,2,3,19.191715240478516,direct_radius
28.516446590423584,1,3,2.7479000091552734,direct_radius
28.516446590423584,4,3,9.89798641204834,direct_radius
28.516446590423584,5,3,15.749186515808105,direct_radius
28.73134446144104,2,3,19.58907699584961,direct_radius
28.73134446144104,1,3,2.7150886058807373,direct_radius
28.73134446144104,4,3,9.932307243347168,direct_radius
28.73134446144104,5,3,15.796266555786133,direct_radius
28.916275024414062,2,3,19.948169708251953,direct_radius
28.916275024414062,1,3,2.6512396335601807,direct_radius
28.916275024414062,4,3,9.971602439880371,direct_radius
28.916275024414062,5,3,15.847658157348633,direct_radius
29.117247581481934,2,3,20.33941078186035,direct_radius
29.117247581481934,1,3,2.6011462211608887,direct_radius
29.117247581481934,4,3,10.015806198120117,direct_radius
29.117247581481934,5,3,15.903953552246094,direct_radius
29.3207049369812,2,3,20.716127395629883,direct_radius
29.3207049369812,1,3,2.547940731048584,direct_radius
29.3207049369812,4,3,10.050552368164062,direct_radius
29.3207049369812,5,3,15.956761360168457,direct_radius
29.5261549949646,2,3,21.115549087524414,direct_radius
29.5261549949646,1,3,2.4953415393829346,direct_radius
29.5261549949646,4,3,10.09544563293457,direct_radius
29.5261549949646,5,3,16.012163162231445,direct_radius
29.729609966278076,2,3,21.501617431640625,direct_radius
29.729609966278076,1,3,2.454505681991577,direct_radius
29.729609966278076,4,3,10.131556510925293,direct_radius
29.729609966278076,5,3,16.061288833618164,direct_radius
29.933067321777344,2,3,21.89752197265625,direct_radius
29.933067321777344,2,6,0.273568719625473,direct_radius
29.933067321777344,1,3,2.3910624980926514,direct_radius
29.933067321777344,1,6,24.062313079833984,direct_radius
29.933067321777344,4,3,10.175924301147461,direct_radius
29.933067321777344,4,6,11.498098373413086,direct_radius
29.933067321777344,5,3,16.12505531311035,direct_radius
29.933067321777344,5,6,5.582196235656738,direct_radius
30.12055802345276,2,3,22.256067276000977,direct_radius
30.12055802345276,2,6,0.6106444001197815,direct_radius
30.12055802345276,1,3,2.353682279586792,direct_radius
30.12055802345276,1,6,24.021347045898438,direct_radius
30.12055802345276,4,3,10.210066795349121,direct_radius
30.12055802345276,4,6,11.464021682739258,direct_radius
30.12055802345276,5,3,16.17076873779297,direct_radius
30.12055802345276,5,6,5.5389628410339355,direct_radius
30.31848978996277,2,3,22.644298553466797,direct_radius
30.31848978996277,2,6,0.9572432041168213,direct_radius
30.31848978996277,1,3,2.300183057785034,direct_radius
30.31848978996277,1,6,23.988082885742188,direct_radius
30.31848978996277,4,3,10.277054786682129,direct_radius
30.31848978996277,4,6,11.416025161743164,direct_radius
30.31848978996277,5,3,16.2266788482666,direct_radius
30.31848978996277,5,6,5.507115840911865,direct_radius
30.517158031463623,2,3,23.029762268066406,direct_radius
30.517158031463623,2,6,1.3493353128433228,direct_radius
30.517158031463623,1,3,2.251451015472412,direct_radius
30.517158031463623,1,6,23.942955017089844,direct_radius
30.517158031463623,4,3,10.3209228515625,direct_radius
30.517158031463623,4,6,11.377808570861816,direct_radius
30.517158031463623,5,3,16.395748138427734,direct_radius
30.517158031463623,5,6,5.347978115081787,direct_radius
30.72511339187622,2,3,23.42207908630371,direct_radius
30.72511339187622,2,6,1.720958948135376,direct_radius
30.72511339187622,1,3,2.2111172676086426,direct_radius
30.72511339187622,1,6,23.906116485595703,direct_radius
30.72511339187622,4,3,10.352788925170898,direct_radius
30.72511339187622,4,6,11.352022171020508,direct_radius
30.72511339187622,5,3,16.613229751586914,direct_radius
30.72511339187622,5,6,5.139413356781006,direct_radius
30.927571773529053,2,3,23.817508697509766,direct_radius
30.927571773529053,2,6,2.1164400577545166,direct_radius
30.927571773529053,1,3,2.1547460556030273,direct_radius
30.927571773529053,1,6,23.863685607910156,direct_radius
30.927571773529053,4,3,10.418502807617188,direct_radius
30.927571773529053,4,6,11.29530143737793,direct_radius
30.927571773529053,5,3,16.84063148498535,direct_radius
30.927571773529053,5,6,4.930859088897705,direct_radius
31.124046564102173,5,3,17.165103912353516,direct_radius
31.124046564102173,5,6,4.578906059265137,direct_radius
31.124046564102173,2,3,24.16857147216797,direct_radius
31.124046564102173,2,6,2.484050989151001,direct_radius
31.124046564102173,1,3,2.133864641189575,direct_radius
31.124046564102173,1,6,23.81911277770996,direct_radius
31.124046564102173,4,3,10.432506561279297,direct_radius
31.124046564102173,4,6,11.257218360900879,direct_radius
31.324511766433716,5,3,17.55854034423828,direct_radius
31.324511766433716,5,6,4.228353023529053,direct_radius
31.324511766433716,2,3,24.562480926513672,direct_radius
31.324511766433716,2,6,2.8424694538116455,direct_radius
31.324511766433716,1,3,2.065168857574463,direct_radius
31.324511766433716,1,6,23.78926658630371,direct_radius
31.324511766433716,4,3,10.47790241241455,direct_radius
31.324511766433716,4,6,11.25362777709961,direct_radius
31.518990755081177,5,3,17.934772491455078,direct_radius
31.518990755081177,5,6,3.868086814880371,direct_radius
31.518990755081177,2,3,24.938631057739258,direct_radius
31.518990755081177,2,6,3.212855577468872,direct_radius
31.518990755081177,1,3,2.021331548690796,direct_radius
31.518990755081177,1,6,23.746793746948242,direct_radius
31.518990755081177,4,3,10.529651641845703,direct_radius
31.518990755081177,4,6,11.204695701599121,direct_radius
31.726435661315918,5,3,18.34514808654785,direct_radius
31.726435661315918,5,6,3.5749197006225586,direct_radius
31.726435661315918,2,3,25.342382431030273,direct_radius
31.726435661315918,2,6,3.583038806915283,direct_radius
31.726435661315918,1,3,1.95016610622406,direct_radius
31.726435661315918,1,6,23.706605911254883,direct_radius
31.726435661315918,4,3,10.572421073913574,direct_radius
31.726435661315918,4,6,11.192363739013672,direct_radius
31.960810661315918,5,3,18.745681762695312,direct_radius
31.960810661315918,5,6,3.3346071243286133,direct_radius
31.960810661315918,2,3,25.729888916015625,direct_radius
31.960810661315918,2,6,3.9667630195617676,direct_radius
31.960810661315918,1,3,1.901666522026062,direct_radius
31.960810661315918,1,6,23.662961959838867,direct_radius
31.960810661315918,4,3,10.630815505981445,direct_radius
31.960810661315918,4,6,11.142809867858887,direct_radius
32.19019556045532,5,3,19.075183868408203,direct_radius
32.19019556045532,5,6,3.1624646186828613,direct_radius
32.19019556045532,2,3,26.04412078857422,direct_radius
32.19019556045532,2,6,4.30239725112915,direct_radius
32.19019556045532,1,3,1.9024325609207153,direct_radius
32.19019556045532,1,6,23.640287399291992,direct_radius
32.19019556045532,4,3,10.619722366333008,direct_radius
32.19019556045532,4,6,11.127436637878418,direct_radius
32.406617164611816,5,3,19.452247619628906,direct_radius
32.406617164611816,5,6,2.860152244567871,direct_radius
32.406617164611816,2,3,26.42218017578125,direct_radius
32.406617164611816,2,6,4.677408695220947,direct_radius
32.406617164611816,1,3,1.7460639476776123,direct_radius
32.406617164611816,1,6,23.49432373046875,direct_radius
32.406617164611816,4,3,10.66393756866455,direct_radius
32.406617164611816,4,6,11.089805603027344,direct_radius
32.539263010025024,5,3,19.766820907592773,direct_radius
32.539263010025024,5,6,2.537015199661255,direct_radius
32.539263010025024,2,3,26.736101150512695,direct_radius
32.539263010025024,2,6,5.09519100189209,direct_radius
32.539263010025024,1,3,1.8084332942962646,direct_radius
32.539263010025024,1,6,23.4459285736084,direct_radius
32.539263010025024,4,3,10.695324897766113,direct_radius
32.539263010025024,4,6,10.951164245605469,direct_radius
32.82450079917908,5,3,20.130191802978516,direct_radius
32.82450079917908,5,6,2.3574111461639404,direct_radius
32.82450079917908,2,3,27.098888397216797,direct_radius
32.82450079917908,2,6,5.369302272796631,direct_radius
32.82450079917908,1,3,1.7135297060012817,direct_radius
32.82450079917908,1,6,23.433107376098633,direct_radius
32.82450079917908,4,3,10.736082077026367,direct_radius
32.82450079917908,4,6,11.00015640258789,direct_radius
32.97809100151062,5,3,20.395572662353516,direct_radius
32.97809100151062,5,6,2.352909564971924,direct_radius
32.97809100151062,2,3,27.35203742980957,direct_radius
32.97809100151062,2,6,5.619624614715576,direct_radius
32.97809100151062,1,3,1.6701470613479614,direct_radius
32.97809100151062,1,6,23.40566635131836,direct_radius
32.97809100151062,4,3,10.76463794708252,direct_radius
32.97809100151062,4,6,10.976539611816406,direct_radius
33.26232862472534,5,3,20.621660232543945,direct_radius
33.26232862472534,5,6,2.409520149230957,direct_radius
33.26232862472534,2,3,27.558927536010742,direct_radius
33.26232862472534,2,6,5.910017490386963,direct_radius
33.26232862472534,1,3,1.7311545610427856,direct_radius
33.26232862472534,1,6,23.370311737060547,direct_radius
33.26232862472534,4,3,10.706942558288574,direct_radius
33.26232862472534,4,6,10.948612213134766,direct_radius
33.34019899368286,5,3,21.28358268737793,direct_radius
33.34019899368286,5,6,2.803020477294922,direct_radius
33.34019899368286,2,3,28.178733825683594,direct_radius
33.34019899368286,2,6,6.090485572814941,direct_radius
33.34019899368286,1,3,1.4853581190109253,direct_radius
33.34019899368286,1,6,23.568992614746094,direct_radius
33.34019899368286,4,3,11.198396682739258,direct_radius
33.34019899368286,4,6,10.896411895751953,direct_radius
33.52910232543945,5,3,21.70684051513672,direct_radius
33.52910232543945,5,6,2.938223361968994,direct_radius
33.52910232543945,2,3,28.578407287597656,direct_radius
33.52910232543945,2,6,6.504457950592041,direct_radius
33.52910232543945,1,3,1.4485760927200317,direct_radius
33.52910232543945,1,6,23.521957397460938,direct_radius
33.52910232543945,4,3,11.226058006286621,direct_radius
33.52910232543945,4,6,10.856876373291016,direct_radius
33.726574420928955,5,3,22.062408447265625,direct_radius
33.726574420928955,5,6,3.0960464477539062,direct_radius
33.726574420928955,2,3,28.91386604309082,direct_radius
33.726574420928955,2,6,6.83514404296875,direct_radius
33.726574420928955,1,3,1.4059237241744995,direct_radius
33.726574420928955,1,6,23.478748321533203,direct_radius
33.726574420928955,4,3,11.26177978515625,direct_radius
33.726574420928955,4,6,10.823087692260742,direct_radius
33.94100260734558,5,3,22.51809310913086,direct_radius
33.94100260734558,5,6,3.393724203109741,direct_radius
33.94100260734558,5,7,7.713932037353516,direct_radius
33.94100260734558,2,3,29.33692169189453,direct_radius
33.94100260734558,2,6,7.234332084655762,direct_radius
33.94100260734558,2,7,0.17891357839107513,direct_radius
33.94100260734558,1,3,1.3389089107513428,direct_radius
33.94100260734558,1,6,23.432313919067383,direct_radius
33.94100260734558,1,7,30.52616310119629,direct_radius
33.94100260734558,4,3,11.297269821166992,direct_radius
33.94898080825806,4,6,10.815130233764648,direct_radius
33.94898080825806,4,7,17.90696144104004,direct_radius
34.11752915382385,5,3,22.92909049987793,direct_radius
34.11752915382385,5,6,3.744227647781372,direct_radius
34.11752915382385,5,7,7.616054058074951,direct_radius
34.11752915382385,2,3,29.709278106689453,direct_radius
34.11752915382385,2,6,7.600395202636719,direct_radius
34.11752915382385,2,7,0.45444589853286743,direct_radius
34.11752915382385,1,3,1.281710147857666,direct_radius
34.11752915382385,1,6,23.390193939208984,direct_radius
34.11752915382385,1,7,30.581100463867188,direct_radius
34.11752915382385,4,3,11.338489532470703,direct_radius
34.11752915382385,4,6,10.777377128601074,direct_radius
34.11752915382385,4,7,17.966276168823242,direct_radius
34.31899070739746,5,3,23.366559982299805,direct_radius
34.31899070739746,5,6,4.1419243812561035,direct_radius
34.31899070739746,5,7,7.533557891845703,direct_radius
34.31899070739746,2,3,30.102741241455078,direct_radius
34.31899070739746,2,6,7.96746301651001,direct_radius
34.31899070739746,2,7,0.7017313838005066,direct_radius
34.31899070739746,1,3,1.2107704877853394,direct_radius
34.31899070739746,1,6,23.34743309020996,direct_radius
34.31899070739746,1,7,30.619409561157227,direct_radius
34.31899070739746,4,3,11.382813453674316,direct_radius
34.31899070739746,4,6,10.761569023132324,direct_radius
34.31899070739746,4,7,18.030609130859375,direct_radius
34.68005037307739,5,3,23.509525299072266,direct_radius
34.68005037307739,5,6,4.45262336730957,direct_radius
34.68005037307739,2,3,30.225921630859375,direct_radius
34.68005037307739,2,6,8.604798316955566,direct_radius
34.68005037307739,1,3,1.7142219543457031,direct_radius
34.68005037307739,1,6,23.334495544433594,direct_radius
34.68005037307739,4,3,11.423809051513672,direct_radius
34.68005037307739,4,6,10.204544067382812,direct_radius
34.68005037307739,7,3,29.429462432861328,direct_radius
34.68005037307739,7,6,7.808599472045898,direct_radius
34.730429887771606,5,3,23.595781326293945,direct_radius
34.730429887771606,5,6,4.525042533874512,direct_radius
34.730429887771606,2,3,30.30571937561035,direct_radius
34.730429887771606,2,6,8.683369636535645,direct_radius
34.730429887771606,1,3,1.6956145763397217,direct_radius
34.730429887771606,1,6,23.316978454589844,direct_radius
34.730429887771606,4,3,11.432801246643066,direct_radius
34.730429887771606,4,6,10.19709300994873,direct_radius
34.730429887771606,7,3,29.451501846313477,direct_radius
34.730429887771606,7,6,7.82928466796875,direct_radius
34.929898738861084,5,3,24.01505470275879,direct_radius
34.929898738861084,5,6,4.884424686431885,direct_radius
34.929898738861084,2,3,30.693771362304688,direct_radius
34.929898738861084,2,6,9.065937042236328,direct_radius
34.929898738861084,1,3,1.6438249349594116,direct_radius
34.929898738861084,1,6,23.273191452026367,direct_radius
34.929898738861084,4,3,11.476412773132324,direct_radius
34.929898738861084,4,6,10.160527229309082,direct_radius
34.929898738861084,7,3,29.558624267578125,direct_radius
34.929898738861084,7,6,7.929773330688477,direct_radius
35.128366231918335,5,3,24.43766975402832,direct_radius
35.128366231918335,5,6,5.2582926750183105,direct_radius
35.128366231918335,2,3,31.083383560180664,direct_radius
35.128366231918335,2,6,9.447165489196777,direct_radius
35.128366231918335,1,3,1.5932012796401978,direct_radius
35.128366231918335,1,6,23.227670669555664,direct_radius
35.128366231918335,4,3,11.52060604095459,direct_radius
35.128366231918335,4,6,10.123726844787598,direct_radius
35.128366231918335,7,3,29.666746139526367,direct_radius
35.128366231918335,7,6,8.031838417053223,direct_radius
35.32583785057068,5,3,24.896923065185547,direct_radius
35.32583785057068,5,6,5.66230583190918,direct_radius
35.32583785057068,2,3,31.432632446289062,direct_radius
35.32583785057068,2,6,9.811257362365723,direct_radius
35.32583785057068,1,3,1.5646193027496338,direct_radius
35.32583785057068,1,6,23.186979293823242,direct_radius
35.32583785057068,4,3,11.54726791381836,direct_radius
35.32583785057068,4,6,10.084793090820312,direct_radius
35.32583785057068,7,3,29.746734619140625,direct_radius
35.32583785057068,7,6,8.12588119506836,direct_radius
35.52481770515442,5,3,25.554946899414062,direct_radius
35.52481770515442,5,6,6.187295436859131,direct_radius
35.52481770515442,2,3,31.822288513183594,direct_radius
35.52481770515442,2,6,10.193056106567383,direct_radius
35.52481770515442,1,3,1.5124255418777466,direct_radius
35.52481770515442,1,6,23.141298294067383,direct_radius
35.52481770515442,4,3,11.590964317321777,direct_radius
35.52481770515442,4,6,10.047006607055664,direct_radius
35.52481770515442,7,3,29.854698181152344,direct_radius
35.52481770515442,7,6,8.226932525634766,direct_radius
35.72029948234558,5,3,26.18929100036621,direct_radius
35.72029948234558,5,6,6.712984085083008,direct_radius
35.72029948234558,2,3,32.19287872314453,direct_radius
35.72029948234558,2,6,10.542768478393555,direct_radius
35.72029948234558,1,3,1.4623005390167236,direct_radius
35.72029948234558,1,6,23.110965728759766,direct_radius
35.72029948234558,4,3,11.6224946975708,direct_radius
35.72029948234558,4,6,10.037822723388672,direct_radius
35.72029948234558,7,3,29.94863510131836,direct_radius
35.72029948234558,7,6,8.299776077270508,direct_radius
35.93372917175293,5,3,26.832685470581055,direct_radius
35.93372917175293,5,6,7.266908168792725,direct_radius
35.93372917175293,2,3,32.57497024536133,direct_radius
35.93372917175293,2,6,10.918237686157227,direct_radius
35.93372917175293,1,3,1.4117449522018433,direct_radius
35.93372917175293,1,6,23.06924057006836,direct_radius
35.93372917175293,4,3,11.692403793334961,direct_radius
35.93372917175293,4,6,9.974578857421875,direct_radius
35.93372917175293,7,3,30.069049835205078,direct_radius
35.93372917175293,7,6,8.41417121887207,direct_radius
36.11925530433655,5,3,27.491722106933594,direct_radius
36.11925530433655,5,6,7.842494964599609,direct_radius
36.11925530433655,2,3,32.961021423339844,direct_radius
36.11925530433655,2,6,11.285869598388672,direct_radius
36.11925530433655,1,3,1.368078589439392,direct_radius
36.11925530433655,1,6,23.0434627532959,direct_radius
36.11925530433655,4,3,11.72977066040039,direct_radius
36.11925530433655,4,6,9.955401420593262,direct_radius
36.11925530433655,7,3,30.171001434326172,direct_radius
36.11925530433655,7,6,8.498645782470703,direct_radius
36.31774926185608,5,3,28.146499633789062,direct_radius
36.31774926185608,5,6,8.435455322265625,direct_radius
36.31774926185608,2,3,33.34707260131836,direct_radius
36.31774926185608,2,6,11.667922019958496,direct_radius
36.31774926185608,1,3,1.304337978363037,direct_radius
36.31774926185608,1,6,22.984275817871094,direct_radius
36.31774926185608,4,3,11.771965980529785,direct_radius
36.31774926185608,4,6,9.921401977539062,direct_radius
36.31774926185608,7,3,30.2757568359375,direct_radius
36.31774926185608,7,6,8.599642753601074,direct_radius
36.527188301086426,5,3,28.71354103088379,direct_radius
36.527188301086426,5,6,8.898036003112793,direct_radius
36.527188301086426,2,3,33.758182525634766,direct_radius
36.527188301086426,2,6,12.046716690063477,direct_radius
36.527188301086426,1,3,1.256438136100769,direct_radius
36.527188301086426,1,6,22.9621524810791,direct_radius
36.527188301086426,4,3,12.010700225830078,direct_radius
36.527188301086426,4,6,9.711833953857422,direct_radius
36.527188301086426,7,3,30.40888786315918,direct_radius
36.527188301086426,7,6,8.701773643493652,direct_radius
36.7166805267334,5,3,29.18277931213379,direct_radius
36.7166805267334,5,6,9.293793678283691,direct_radius
36.7166805267334,2,3,34.12688446044922,direct_radius
36.7166805267334,2,6,12.415322303771973,direct_radius
36.7166805267334,1,3,1.2082412242889404,direct_radius
36.7166805267334,1,6,22.918354034423828,direct_radius
36.7166805267334,4,3,12.242040634155273,direct_radius
36.7166805267334,4,6,9.48060417175293,direct_radius
36.7166805267334,7,3,30.50650978088379,direct_radius
36.7166805267334,7,6,8.79853630065918,direct_radius
36.94407320022583,5,3,29.667787551879883,direct_radius
36.94407320022583,5,6,9.7290620803833,direct_radius
36.94407320022583,4,3,12.495610237121582,direct_radius
36.94407320022583,4,6,9.206501007080078,direct_radius
36.94407320022583,2,3,34.502899169921875,direct_radius
36.94407320022583,2,6,12.812560081481934,direct_radius
36.94407320022583,1,3,1.158661961555481,direct_radius
36.94407320022583,1,6,22.84701919555664,direct_radius
36.94407320022583,7,3,30.589426040649414,direct_radius
36.94407320022583,7,6,8.904314994812012,direct_radius
37.12459087371826,5,3,30.096435546875,direct_radius
37.12459087371826,5,6,10.140413284301758,direct_radius
37.12459087371826,4,3,12.871515274047852,direct_radius
37.12459087371826,4,6,8.930917739868164,direct_radius
37.12459087371826,2,3,34.875450134277344,direct_radius
37.12459087371826,2,6,13.10861873626709,direct_radius
37.12459087371826,1,3,1.1337369680404663,direct_radius
37.12459087371826,1,6,22.892614364624023,direct_radius
37.12459087371826,7,3,30.689260482788086,direct_radius
37.12459087371826,7,6,8.927949905395508,direct_radius
37.3300404548645,5,3,30.554576873779297,direct_radius
37.3300404548645,5,6,10.654535293579102,direct_radius
37.3300404548645,4,3,13.281885147094727,direct_radius
37.3300404548645,4,6,8.581365585327148,direct_radius
37.3300404548645,2,3,35.27308654785156,direct_radius
37.3300404548645,2,6,13.499417304992676,direct_radius
37.3300404548645,1,3,1.0729814767837524,direct_radius
37.3300404548645,1,6,22.847108840942383,direct_radius
37.3300404548645,7,3,30.797910690307617,direct_radius
37.3300404548645,7,6,9.030336380004883,direct_radius
37.52252745628357,5,3,30.985671997070312,direct_radius
37.52252745628357,5,6,11.127218246459961,direct_radius
37.52252745628357,4,3,13.671860694885254,direct_radius
37.52252745628357,4,6,8.278796195983887,direct_radius
37.52252745628357,2,3,35.645538330078125,direct_radius
37.52252745628357,2,6,13.851903915405273,direct_radius
37.52252745628357,1,3,1.0298035144805908,direct_radius
37.52252745628357,1,6,22.822954177856445,direct_radius
37.52252745628357,7,3,30.898418426513672,direct_radius
37.52252745628357,7,6,9.112507820129395,direct_radius
38.36327886581421,5,6,12.134766578674316,direct_radius
38.36327886581421,5,8,9.818860054016113,direct_radius
38.36327886581421,4,6,7.523335933685303,direct_radius
38.36327886581421,4,8,22.073740005493164,direct_radius
38.36327886581421,2,6,14.628154754638672,direct_radius
38.36327886581421,2,8,0.0,direct_radius
38.36327886581421,1,6,22.171846389770508,direct_radius
38.36327886581421,1,8,36.80000305175781,direct_radius
38.36327886581421,3,6,21.017431259155273,direct_radius
38.36327886581421,3,8,35.645538330078125,direct_radius
38.36327886581421,7,6,9.858901023864746,direct_radius
38.36327886581421,7,8,4.800002098083496,direct_radius
38.39120364189148,5,6,12.313308715820312,direct_radius
38.39120364189148,5,8,9.818350791931152,direct_radius
38.39120364189148,4,6,7.4109110832214355,direct_radius
38.39120364189148,4,8,22.12157440185547,direct_radius
38.39120364189148,2,6,14.865985870361328,direct_radius
38.39120364189148,2,8,0.0,direct_radius
38.39120364189148,1,6,22.066274642944336,direct_radius
38.39120364189148,1,8,36.931854248046875,direct_radius
38.39120364189148,3,6,20.780540466308594,direct_radius
38.39120364189148,3,8,35.645538330078125,direct_radius
38.39120364189148,7,6,9.922104835510254,direct_radius
38.39120364189148,7,8,4.975679397583008,direct_radius
38.40516686439514,5,6,12.349248886108398,direct_radius
38.40516686439514,5,8,9.862996101379395,direct_radius
38.40516686439514,4,6,7.374213695526123,direct_radius
38.40516686439514,4,8,22.12666893005371,direct_radius
38.40516686439514,2,6,14.917835235595703,direct_radius
38.40516686439514,2,8,0.0,direct_radius
38.40516686439514,1,6,22.0266056060791,direct_radius
38.40516686439514,1,8,36.94377136230469,direct_radius
38.40516686439514,3,6,20.728986740112305,direct_radius
38.40516686439514,3,8,35.645538330078125,direct_radius
38.40516686439514,7,6,9.935843467712402,direct_radius
38.40516686439514,7,8,5.014225959777832,direct_radius
38.42212152481079,5,6,12.367172241210938,direct_radius
38.42212152481079,5,8,9.872733116149902,direct_radius
38.42212152481079,4,6,7.355149269104004,direct_radius
38.42212152481079,4,8,22.106279373168945,direct_radius
38.42212152481079,2,6,14.944707870483398,direct_radius
38.42212152481079,2,8,0.03034066967666149,direct_radius
38.42212152481079,1,6,22.00605583190918,direct_radius
38.42212152481079,1,8,36.926963806152344,direct_radius
38.42212152481079,3,6,20.70224380493164,direct_radius
38.42212152481079,3,8,35.62260055541992,direct_radius
38.42212152481079,7,6,9.941557884216309,direct_radius
38.42212152481079,7,8,5.012417316436768,direct_radius
38.77717423439026,5,6,12.724052429199219,direct_radius
38.77717423439026,4,6,6.945207595825195,direct_radius
38.77717423439026,1,6,21.52014923095703,direct_radius
38.77717423439026,3,6,20.15695571899414,direct_radius
38.77717423439026,2,6,15.48863410949707,direct_radius
38.77717423439026,7,6,9.974675178527832,direct_radius
38.77717423439026,8,6,14.870187759399414,direct_radius
38.79412508010864,5,6,12.733033180236816,direct_radius
38.79412508010864,4,6,6.935920238494873,direct_radius
38.79412508010864,1,6,21.506742477416992,direct_radius
38.79412508010864,3,6,20.1435489654541,direct_radius
38.79412508010864,2,6,15.502008438110352,direct_radius
38.79412508010864,7,6,9.97824764251709,direct_radius
38.79412508010864,8,6,14.871891021728516,direct_radius
38.92776799201965,5,6,12.907517433166504,direct_radius
38.92776799201965,4,6,6.7558274269104,direct_radius
38.92776799201965,1,6,21.252120971679688,direct_radius
38.92776799201965,3,6,19.889522552490234,direct_radius
38.92776799201965,2,6,15.75714111328125,direct_radius
38.92776799201965,7,6,10.054180145263672,direct_radius
38.92776799201965,8,6,14.90744686126709,direct_radius
39.12424397468567,5,6,13.164216995239258,direct_radius
39.12424397468567,4,6,6.503221035003662,direct_radius
39.12424397468567,1,6,20.873001098632812,direct_radius
39.12424397468567,3,6,19.510284423828125,direct_radius
39.12424397468567,2,6,16.136037826538086,direct_radius
39.12424397468567,7,6,10.154674530029297,direct_radius
39.12424397468567,8,6,14.969234466552734,direct_radius
39.322712421417236,5,6,13.419072151184082,direct_radius
39.322712421417236,4,6,6.278318881988525,direct_radius
39.322712421417236,1,6,20.50106430053711,direct_radius
39.322712421417236,3,6,19.13593101501465,direct_radius
39.322712421417236,2,6,16.51005744934082,direct_radius
39.322712421417236,7,6,10.252471923828125,direct_radius
39.322712421417236,8,6,15.0205659866333,direct_radius
39.519187211990356,5,6,13.681410789489746,direct_radius
39.519187211990356,4,6,6.112750053405762,direct_radius
39.519187211990356,1,6,20.13321876525879,direct_radius
39.519187211990356,3,6,18.757326126098633,direct_radius
39.519187211990356,2,6,16.889545440673828,direct_radius
39.519187211990356,7,6,10.404719352722168,direct_radius
39.519187211990356,8,6,15.094442367553711,direct_radius
39.71865272521973,5,6,13.928691864013672,direct_radius
39.71865272521973,4,6,6.022290229797363,direct_radius
39.71865272521973,1,6,19.799419403076172,direct_radius
39.71865272521973,3,6,18.405364990234375,direct_radius
39.71865272521973,2,6,17.240177154541016,direct_radius
39.71865272521973,7,6,10.53139877319336,direct_radius
39.71865272521973,8,6,15.119837760925293,direct_radius
39.916126012802124,5,6,14.200329780578613,direct_radius
39.916126012802124,4,6,5.936327934265137,direct_radius
39.916126012802124,1,6,19.42587661743164,direct_radius
39.916126012802124,3,6,18.025257110595703,direct_radius
39.916126012802124,2,6,17.62181282043457,direct_radius
39.916126012802124,7,6,10.687384605407715,direct_radius
39.916126012802124,8,6,15.174891471862793,direct_radius
40.11760139465332,5,6,14.499581336975098,direct_radius
40.11760139465332,7,6,11.009502410888672,direct_radius
40.11760139465332,4,6,5.825009346008301,direct_radius
40.11760139465332,1,6,19.047298431396484,direct_radius
40.11760139465332,3,6,17.63958168029785,direct_radius
40.11760139465332,2,6,18.005979537963867,direct_radius
40.11760139465332,8,6,15.231201171875,direct_radius
40.329036712646484,5,6,15.054790496826172,direct_radius
40.329036712646484,7,6,11.383082389831543,direct_radius
40.329036712646484,4,6,5.7650675773620605,direct_radius
40.329036712646484,1,6,18.513145446777344,direct_radius
40.329036712646484,3,6,17.266117095947266,direct_radius
40.329036712646484,2,6,18.380659103393555,direct_radius
40.329036712646484,8,6,15.25939655303955,direct_radius
40.52850270271301,5,6,15.619013786315918,direct_radius
40.52850270271301,7,6,11.766229629516602,direct_radius
40.52850270271301,4,6,5.765218257904053,direct_radius
40.52850270271301,1,6,17.790693283081055,direct_radius
40.52850270271301,3,6,16.882761001586914,direct_radius
40.52850270271301,2,6,18.76321792602539,direct_radius
40.52850270271301,8,6,15.314264297485352,direct_radius
40.722983598709106,5,6,16.123703002929688,direct_radius
40.722983598709106,7,6,12.127420425415039,direct_radius
40.722983598709106,4,6,5.855701446533203,direct_radius
40.722983598709106,1,6,17.128271102905273,direct_radius
40.722983598709106,3,6,16.529699325561523,direct_radius
40.722983598709106,2,6,19.11638069152832,direct_radius
40.722983598709106,8,6,15.366683959960938,direct_radius
40.92145323753357,5,6,16.624338150024414,direct_radius
40.92145323753357,7,6,12.524377822875977,direct_radius
40.92145323753357,4,6,5.984609127044678,direct_radius
40.92145323753357,1,6,16.53601837158203,direct_radius
40.92145323753357,3,6,16.149072647094727,direct_radius
40.92145323753357,2,6,19.497602462768555,direct_radius
40.92145323753357,8,6,15.42143726348877,direct_radius
41.11738896369934,5,6,17.10919761657715,direct_radius
41.11738896369934,7,6,12.902092933654785,direct_radius
41.11738896369934,4,6,6.064490795135498,direct_radius
41.11738896369934,1,6,15.972759246826172,direct_radius
41.11738896369934,3,6,15.79140853881836,direct_radius
41.11738896369934,2,6,19.854145050048828,direct_radius
41.11738896369934,8,6,15.456992149353027,direct_radius
41.331401109695435,5,6,17.702457427978516,direct_radius
41.331401109695435,7,6,13.316412925720215,direct_radius
41.331401109695435,4,6,6.172008991241455,direct_radius
41.331401109695435,1,6,15.25100326538086,direct_radius
41.331401109695435,3,6,15.382614135742188,direct_radius
41.331401109695435,2,6,20.264358520507812,direct_radius
41.331401109695435,8,6,15.533119201660156,direct_radius
41.51581931114197,5,6,18.2631893157959,direct_radius
41.51581931114197,7,6,13.672633171081543,direct_radius
41.51581931114197,4,6,6.2910590171813965,direct_radius
41.51581931114197,1,6,14.590657234191895,direct_radius
41.51581931114197,3,6,15.029402732849121,direct_radius
41.51581931114197,2,6,20.616140365600586,direct_radius
41.51581931114197,8,6,15.586501121520996,direct_radius
41.73010802268982,5,6,18.89838981628418,direct_radius
41.73010802268982,7,6,14.083243370056152,direct_radius
41.73010802268982,4,6,6.564887046813965,direct_radius
41.73010802268982,1,6,13.918642044067383,direct_radius
41.73010802268982,3,6,14.648457527160645,direct_radius
41.73010802268982,2,6,20.9984073638916,direct_radius
41.73010802268982,8,6,15.617029190063477,direct_radius
41.929574728012085,5,6,19.4603328704834,direct_radius
41.929574728012085,7,6,14.744297981262207,direct_radius
41.929574728012085,4,6,6.855038166046143,direct_radius
41.929574728012085,1,6,13.366640090942383,direct_radius
41.929574728012085,3,6,14.264833450317383,direct_radius
41.929574728012085,2,6,21.380924224853516,direct_radius
41.929574728012085,8,6,15.695539474487305,direct_radius
42.12804388999939,5,6,19.9743709564209,direct_radius
42.12804388999939,7,6,15.376669883728027,direct_radius
42.12804388999939,4,6,7.137450695037842,direct_radius
42.12804388999939,1,6,12.847724914550781,direct_radius
42.12804388999939,3,6,13.910146713256836,direct_radius
42.12804388999939,2,6,21.736125946044922,direct_radius
42.12804388999939,8,6,15.725610733032227,direct_radius
42.330503702163696,5,6,20.52731704711914,direct_radius
42.330503702163696,7,6,16.042098999023438,direct_radius
42.330503702163696,4,6,7.370204925537109,direct_radius
42.330503702163696,1,6,12.139278411865234,direct_radius
42.330503702163696,3,6,13.523516654968262,direct_radius
42.330503702163696,2,6,22.122901916503906,direct_radius
42.330503702163696,8,6,15.78724193572998,direct_radius
42.530967235565186,5,6,20.670202255249023,direct_radius
42.530967235565186,5,9,10.338895797729492,direct_radius
42.530967235565186,7,6,16.698232650756836,direct_radius
42.530967235565186,7,9,5.914299964904785,direct_radius
42.530967235565186,4,6,7.619956016540527,direct_radius
42.530967235565186,4,9,23.24021339416504,direct_radius
42.530967235565186,1,6,11.427693367004395,direct_radius
42.530967235565186,1,9,33.68141174316406,direct_radius
42.530967235565186,3,6,13.146943092346191,direct_radius
42.530967235565186,3,9,35.43376922607422,direct_radius
42.530967235565186,2,6,22.49878692626953,direct_radius
42.530967235565186,2,9,0.2574514150619507,direct_radius
42.530967235565186,8,6,15.833999633789062,direct_radius
42.530967235565186,8,9,6.454155445098877,direct_radius
42.73043394088745,5,6,20.693592071533203,direct_radius
42.73043394088745,5,9,10.082661628723145,direct_radius
42.73043394088745,7,6,17.365400314331055,direct_radius
42.73043394088745,7,9,5.346510887145996,direct_radius
42.73043394088745,4,6,7.893528938293457,direct_radius
42.73043394088745,4,9,22.911680221557617,direct_radius
42.73043394088745,1,6,10.868759155273438,direct_radius
42.73043394088745,1,9,33.19009017944336,direct_radius
42.73043394088745,3,6,12.762928009033203,direct_radius
42.73043394088745,3,9,35.119686126708984,direct_radius
42.73043394088745,2,6,22.883949279785156,direct_radius
42.73043394088745,2,9,0.560031533241272,direct_radius
42.73043394088745,8,6,15.890402793884277,direct_radius
42.73043394088745,8,9,6.468472957611084,direct_radius
43.07551169395447,5,6,20.654157638549805,direct_radius
43.07551169395447,7,6,17.87465476989746,direct_radius
43.07551169395447,4,6,8.446921348571777,direct_radius
43.07551169395447,1,6,10.408794403076172,direct_radius
43.07551169395447,3,6,12.412711143493652,direct_radius
43.07551169395447,2,6,23.232955932617188,direct_radius
43.07551169395447,8,6,16.052143096923828,direct_radius
43.07551169395447,9,6,22.353015899658203,direct_radius
43.12537693977356,5,6,20.65992546081543,direct_radius
43.12537693977356,7,6,17.990854263305664,direct_radius
43.12537693977356,4,6,8.518341064453125,direct_radius
43.12537693977356,1,6,10.30290412902832,direct_radius
43.12537693977356,3,6,12.338022232055664,direct_radius
43.12537693977356,2,6,23.30753517150879,direct_radius
43.12537693977356,8,6,16.062843322753906,direct_radius
43.12537693977356,9,6,22.366355895996094,direct_radius
43.32284879684448,5,6,20.69120216369629,direct_radius
43.32284879684448,7,6,18.5783634185791,direct_radius
43.32284879684448,4,6,8.900164604187012,direct_radius
43.32284879684448,1,6,9.594846725463867,direct_radius
43.32284879684448,3,6,11.96192741394043,direct_radius
43.32284879684448,2,6,23.68508529663086,direct_radius
43.32284879684448,8,6,16.116989135742188,direct_radius
43.32284879684448,9,6,22.433917999267578,direct_radius
43.525816440582275,5,6,20.727516174316406,direct_radius
43.525816440582275,7,6,19.185062408447266,direct_radius
43.525816440582275,4,6,9.32740306854248,direct_radius
43.525816440582275,1,6,8.867973327636719,direct_radius
43.525816440582275,3,6,11.572196960449219,direct_radius
43.525816440582275,2,6,24.073396682739258,direct_radius
43.525816440582275,8,6,16.17169952392578,direct_radius
43.525816440582275,9,6,22.502573013305664,direct_radius
43.725613594055176,5,6,20.837974548339844,direct_radius
43.725613594055176,7,6,19.76114273071289,direct_radius
43.725613594055176,4,6,9.760929107666016,direct_radius
43.725613594055176,1,6,8.367483139038086,direct_radius
43.725613594055176,3,6,11.202877044677734,direct_radius
43.725613594055176,2,6,24.44403839111328,direct_radius
43.725613594055176,8,6,16.231069564819336,direct_radius
43.725613594055176,9,6,22.58173370361328,direct_radius
43.920602560043335,5,6,21.05837059020996,direct_radius
43.920602560043335,7,6,20.34817886352539,direct_radius
43.920602560043335,4,6,10.03128719329834,direct_radius
43.920602560043335,1,6,7.933867454528809,direct_radius
43.920602560043335,3,6,10.82677173614502,direct_radius
43.920602560043335,2,6,24.818984985351562,direct_radius
43.920602560043335,8,6,16.28527069091797,direct_radius
43.920602560043335,9,6,22.64940071105957,direct_radius
44.13093328475952,5,6,21.28139877319336,direct_radius
44.13093328475952,7,6,20.96347999572754,direct_radius
44.13093328475952,4,6,10.33332347869873,direct_radius
44.13093328475952,1,6,7.397300720214844,direct_radius
44.13093328475952,3,6,10.441636085510254,direct_radius
44.13093328475952,2,6,25.204814910888672,direct_radius
44.13093328475952,8,6,16.32461929321289,direct_radius
44.13093328475952,9,6,22.702922821044922,direct_radius
44.33167576789856,5,6,21.521068572998047,direct_radius
44.33167576789856,7,6,21.535259246826172,direct_radius
44.33167576789856,4,6,10.583902359008789,direct_radius
44.33167576789856,1,6,6.686572551727295,direct_radius
44.33167576789856,3,6,7.246870517730713,direct_radius
44.33167576789856,2,6,25.585765838623047,direct_radius
44.33167576789856,8,6,16.391704559326172,direct_radius
44.33167576789856,9,6,22.788652420043945,direct_radius
44.530338287353516,5,6,21.739561080932617,direct_radius
44.530338287353516,7,6,22.069303512573242,direct_radius
44.530338287353516,4,6,10.679418563842773,direct_radius
44.530338287353516,1,6,6.008889198303223,direct_radius
44.530338287353516,3,6,6.954084396362305,direct_radius
44.530338287353516,2,6,25.940675735473633,direct_radius
44.530338287353516,8,6,16.42249870300293,direct_radius
44.530338287353516,9,6,22.833051681518555,direct_radius
44.72980499267578,5,6,21.99181365966797,direct_radius
44.72980499267578,7,6,22.630674362182617,direct_radius
44.72980499267578,4,6,10.828983306884766,direct_radius
44.72980499267578,1,6,5.564602851867676,direct_radius
44.72980499267578,3,6,6.491013526916504,direct_radius
44.72980499267578,2,6,26.32193374633789,direct_radius
44.72980499267578,8,6,16.477388381958008,direct_radius
44.72980499267578,9,6,22.89920425415039,direct_radius
44.92729663848877,5,6,22.248802185058594,direct_radius
44.92729663848877,7,6,23.187986373901367,direct_radius
44.92729663848877,4,6,11.000895500183105,direct_radius
44.92729663848877,1,6,5.15873908996582,direct_radius
44.92729663848877,3,6,6.06538724899292,direct_radius
44.92729663848877,2,6,26.67487144470215,direct_radius
44.92729663848877,8,6,16.5058650970459,direct_radius
44.92729663848877,9,6,22.951622009277344,direct_radius
45.12379550933838,5,6,22.537864685058594,direct_radius
45.12379550933838,7,6,23.7758846282959,direct_radius
45.12379550933838,4,6,11.21982192993164,direct_radius
45.12379550933838,1,6,4.607842445373535,direct_radius
45.12379550933838,3,6,5.377856254577637,direct_radius
45.12379550933838,2,6,27.048389434814453,direct_radius
45.12379550933838,8,6,16.558216094970703,direct_radius
45.12379550933838,9,6,23.016075134277344,direct_radius
45.3202691078186,5,6,22.836772918701172,direct_radius
45.3202691078186,7,6,24.37367820739746,direct_radius
45.3202691078186,4,6,11.47692584991455,direct_radius
45.3202691078186,1,6,3.921783208847046,direct_radius
45.3202691078186,3,6,4.63562536239624,direct_radius
45.3202691078186,2,6,27.42719078063965,direct_radius
45.3202691078186,8,6,16.630102157592773,direct_radius
45.3202691078186,9,6,23.08546257019043,direct_radius
45.51973557472229,5,6,22.95694923400879,direct_radius
45.51973557472229,7,6,24.947185516357422,direct_radius
45.51973557472229,4,6,11.745532989501953,direct_radius
45.51973557472229,1,6,3.2918174266815186,direct_radius
45.51973557472229,3,6,4.0940632820129395,direct_radius
45.51973557472229,2,6,27.790037155151367,direct_radius
45.51973557472229,8,6,16.668170928955078,direct_radius
45.51973557472229,9,6,23.156084060668945,direct_radius
45.731170892715454,5,6,23.04151153564453,direct_radius
45.731170892715454,7,6,25.58818244934082,direct_radius
45.731170892715454,4,6,12.058769226074219,direct_radius
45.731170892715454,1,6,2.848893642425537,direct_radius
45.731170892715454,3,6,3.6779747009277344,direct_radius
45.731170892715454,2,6,28.195844650268555,direct_radius
45.731170892715454,8,6,16.724742889404297,direct_radius
45.731170892715454,9,6,23.227365493774414,direct_radius
45.91567802429199,5,6,23.094852447509766,direct_radius
45.91567802429199,7,6,26.12142562866211,direct_radius
45.91567802429199,4,6,12.323949813842773,direct_radius
45.91567802429199,1,6,2.499549627304077,direct_radius
45.91567802429199,3,6,3.2894105911254883,direct_radius
45.91567802429199,2,6,28.52401351928711,direct_radius
45.91567802429199,8,6,16.773611068725586,direct_radius
45.91567802429199,9,6,23.26776123046875,direct_radius
46.1176495552063,5,6,23.185714721679688,direct_radius
46.1176495552063,7,6,26.683378219604492,direct_radius
46.1176495552063,4,6,12.67272663116455,direct_radius
46.1176495552063,1,6,1.9593505859375,direct_radius
46.1176495552063,3,6,2.5721566677093506,direct_radius
46.1176495552063,2,6,28.91096305847168,direct_radius
46.1176495552063,8,6,16.82916259765625,direct_radius
46.1176495552063,9,6,23.340408325195312,direct_radius
46.330779790878296,5,6,23.25210189819336,direct_radius
46.330779790878296,7,6,27.257667541503906,direct_radius
46.330779790878296,4,6,13.049699783325195,direct_radius
46.330779790878296,1,6,1.4346039295196533,direct_radius
46.330779790878296,3,6,1.8968002796173096,direct_radius
46.330779790878296,2,6,29.288793563842773,direct_radius
46.330779790878296,8,6,16.858179092407227,direct_radius
46.330779790878296,9,6,23.382869720458984,direct_radius
46.531243324279785,5,6,23.38431167602539,direct_radius
46.531243324279785,5,10,8.347087860107422,direct_radius
46.531243324279785,7,6,27.83124542236328,direct_radius
46.531243324279785,7,10,5.358827114105225,direct_radius
46.531243324279785,4,6,13.451812744140625,direct_radius
46.531243324279785,4,10,19.35348129272461,direct_radius
46.531243324279785,1,6,1.1841144561767578,direct_radius
46.531243324279785,1,10,29.69173240661621,direct_radius
46.531243324279785,3,6,1.5757166147232056,direct_radius
46.531243324279785,3,10,30.546789169311523,direct_radius
46.531243324279785,2,6,29.67572784423828,direct_radius
46.531243324279785,2,10,0.2909366488456726,direct_radius
46.531243324279785,8,6,16.924354553222656,direct_radius
46.531243324279785,8,10,12.512086868286133,direct_radius
46.531243324279785,9,6,23.464252471923828,direct_radius
46.531243324279785,9,10,5.971388339996338,direct_radius
46.7262327671051,5,6,23.637287139892578,direct_radius
46.7262327671051,5,10,8.080950736999512,direct_radius
46.7262327671051,7,6,28.421958923339844,direct_radius
46.7262327671051,7,10,5.3395771980285645,direct_radius
46.7262327671051,4,6,13.861894607543945,direct_radius
46.7262327671051,4,10,18.72418975830078,direct_radius
46.7262327671051,1,6,1.178369402885437,direct_radius
46.7262327671051,1,10,29.300846099853516,direct_radius
46.7262327671051,3,6,1.331054449081421,direct_radius
46.7262327671051,3,10,30.192625045776367,direct_radius
46.7262327671051,2,6,30.048828125,direct_radius
46.7262327671051,2,10,0.5953763723373413,direct_radius
46.7262327671051,8,6,16.978656768798828,direct_radius
46.7262327671051,8,10,12.503579139709473,direct_radius
46.7262327671051,9,6,23.531763076782227,direct_radius
46.7262327671051,9,10,5.948883533477783,direct_radius
47.05934286117554,5,6,23.51530647277832,direct_radius
47.05934286117554,7,6,28.883033752441406,direct_radius
47.05934286117554,4,6,14.086708068847656,direct_radius
47.05934286117554,1,6,1.2040959596633911,direct_radius
47.05934286117554,3,6,1.2919068336486816,direct_radius
47.05934286117554,2,6,30.116790771484375,direct_radius
47.05934286117554,8,6,16.65330696105957,direct_radius
47.05934286117554,9,6,23.07727813720703,direct_radius
47.05934286117554,10,6,29.27828598022461,direct_radius
47.124168157577515,5,6,23.542165756225586,direct_radius
47.124168157577515,7,6,29.03680992126465,direct_radius
47.124168157577515,4,6,14.192673683166504,direct_radius
47.124168157577515,1,6,1.2748148441314697,direct_radius
47.124168157577515,3,6,1.2081555128097534,direct_radius
47.124168157577515,2,6,30.221982955932617,direct_radius
47.124168157577515,8,6,16.668415069580078,direct_radius
47.124168157577515,9,6,23.09766960144043,direct_radius
47.124168157577515,10,6,29.292375564575195,direct_radius
47.32463312149048,5,6,23.641700744628906,direct_radius
47.32463312149048,7,6,29.644330978393555,direct_radius
47.32463312149048,4,6,14.583102226257324,direct_radius
47.32463312149048,1,6,1.7132060527801514,direct_radius
47.32463312149048,3,6,1.2050241231918335,direct_radius
47.32463312149048,2,6,30.605098724365234,direct_radius
47.32463312149048,8,6,16.72177505493164,direct_radius
47.32463312149048,9,6,23.164709091186523,direct_radius
47.32463312149048,10,6,29.33588218688965,direct_radius
47.52110743522644,5,6,23.738134384155273,direct_radius
47.52110743522644,7,6,30.238527297973633,direct_radius
47.52110743522644,4,6,14.969080924987793,direct_radius
47.52110743522644,1,6,2.284125804901123,direct_radius
47.52110743522644,3,6,1.6117509603500366,direct_radius
47.52110743522644,2,6,30.977270126342773,direct_radius
47.52110743522644,8,6,16.773202896118164,direct_radius
47.52110743522644,9,6,23.22960090637207,direct_radius
47.52110743522644,10,6,29.377410888671875,direct_radius
47.72057318687439,5,6,23.854360580444336,direct_radius
47.72057318687439,7,6,30.820755004882812,direct_radius
47.72057318687439,4,6,15.409907341003418,direct_radius
47.72057318687439,1,6,2.7002124786376953,direct_radius
47.72057318687439,3,6,1.9267971515655518,direct_radius
47.72057318687439,2,6,31.360267639160156,direct_radius
47.72057318687439,8,6,16.832048416137695,direct_radius
47.72057318687439,9,6,23.307069778442383,direct_radius
47.72057318687439,10,6,29.42840003967285,direct_radius
47.916051626205444,5,6,23.96126365661621,direct_radius
47.916051626205444,7,6,31.374591827392578,direct_radius
47.916051626205444,4,6,15.889954566955566,direct_radius
47.916051626205444,1,6,3.0983192920684814,direct_radius
47.916051626205444,3,6,2.259225368499756,direct_radius
47.916051626205444,2,6,31.733400344848633,direct_radius
47.916051626205444,8,6,16.886075973510742,direct_radius
47.916051626205444,9,6,23.374582290649414,direct_radius
47.916051626205444,10,6,29.47284698486328,direct_radius
48.116514921188354,5,6,24.047828674316406,direct_radius
48.116514921188354,7,6,31.922122955322266,direct_radius
48.116514921188354,4,6,16.37677764892578,direct_radius
48.116514921188354,1,6,3.515885353088379,direct_radius
48.116514921188354,3,6,2.7932538986206055,direct_radius
48.116514921188354,2,6,32.09428787231445,direct_radius
48.116514921188354,8,6,16.91699981689453,direct_radius
48.116514921188354,9,6,23.418779373168945,direct_radius
48.116514921188354,10,6,29.496692657470703,direct_radius
48.32795000076294,5,6,24.272062301635742,direct_radius
48.32795000076294,7,6,32.41261291503906,direct_radius
48.32795000076294,4,6,16.91741943359375,direct_radius
48.32795000076294,1,6,4.018618583679199,direct_radius
48.32795000076294,3,6,3.3690381050109863,direct_radius
48.32795000076294,2,6,32.496280670166016,direct_radius
48.32795000076294,8,6,16.9985294342041,direct_radius
48.32795000076294,9,6,23.492637634277344,direct_radius
48.32795000076294,10,6,29.54275131225586,direct_radius
48.52841305732727,5,6,24.521120071411133,direct_radius
48.52841305732727,7,6,32.717201232910156,direct_radius
48.52841305732727,4,6,17.426231384277344,direct_radius
48.52841305732727,1,6,4.480520248413086,direct_radius
48.52841305732727,3,6,4.143179893493652,direct_radius
48.52841305732727,2,6,32.85703659057617,direct_radius
48.52841305732727,8,6,17.03156852722168,direct_radius
48.52841305732727,9,6,23.539398193359375,direct_radius
48.52841305732727,10,6,29.56584358215332,direct_radius
48.723891496658325,5,6,24.786903381347656,direct_radius
48.723891496658325,7,6,33.03899383544922,direct_radius
48.723891496658325,4,6,17.940654754638672,direct_radius
48.723891496658325,1,6,4.937894821166992,direct_radius
48.723891496658325,3,6,4.5276007652282715,direct_radius
48.723891496658325,2,6,33.230499267578125,direct_radius
48.723891496658325,8,6,17.085765838623047,direct_radius
48.723891496658325,9,6,23.605987548828125,direct_radius
48.723891496658325,10,6,29.629608154296875,direct_radius
48.92036509513855,5,6,25.099103927612305,direct_radius
48.92036509513855,7,6,33.35239028930664,direct_radius
48.92036509513855,4,6,18.356754302978516,direct_radius
48.92036509513855,1,6,5.386933326721191,direct_radius
48.92036509513855,3,6,4.900632381439209,direct_radius
48.92036509513855,2,6,33.58928298950195,direct_radius
48.92036509513855,8,6,17.13907241821289,direct_radius
48.92036509513855,9,6,23.67966651916504,direct_radius
48.92036509513855,10,6,29.656597137451172,direct_radius
49.11684036254883,5,6,25.440576553344727,direct_radius
49.11684036254883,7,6,33.68061065673828,direct_radius
49.11684036254883,4,6,18.788196563720703,direct_radius
49.11684036254883,1,6,5.8466291427612305,direct_radius
49.11684036254883,3,6,5.636366367340088,direct_radius
49.11684036254883,2,6,33.96272659301758,direct_radius
49.11684036254883,8,6,17.190258026123047,direct_radius
49.11684036254883,9,6,23.744234085083008,direct_radius
49.11684036254883,10,6,29.716753005981445,direct_radius
49.33027172088623,5,6,25.823484420776367,direct_radius
49.33027172088623,7,6,34.04682540893555,direct_radius
49.33027172088623,4,6,19.2429256439209,direct_radius
49.33027172088623,1,6,6.356356620788574,direct_radius
49.33027172088623,3,6,6.450496673583984,direct_radius
49.33027172088623,2,6,34.37421798706055,direct_radius
49.33027172088623,8,6,17.268434524536133,direct_radius
49.33027172088623,9,6,23.81947135925293,direct_radius
49.33027172088623,10,6,29.76601791381836,direct_radius
49.528433084487915,5,6,26.171478271484375,direct_radius
49.528433084487915,7,6,34.39231491088867,direct_radius
49.528433084487915,4,6,19.595008850097656,direct_radius
49.528433084487915,1,6,6.807551860809326,direct_radius
49.528433084487915,3,6,6.917716979980469,direct_radius
49.528433084487915,2,6,34.73699951171875,direct_radius
49.528433084487915,8,6,17.30650520324707,direct_radius
49.528433084487915,9,6,23.89165687561035,direct_radius
49.528433084487915,10,6,29.794260025024414,direct_radius
49.7267963886261,5,6,26.53927230834961,direct_radius
49.7267963886261,7,6,34.76934051513672,direct_radius
49.7267963886261,4,6,19.965269088745117,direct_radius
49.7267963886261,1,6,7.279496669769287,direct_radius
49.7267963886261,3,6,7.319476127624512,direct_radius
49.7267963886261,2,6,35.117881774902344,direct_radius
49.7267963886261,8,6,17.36123275756836,direct_radius
49.7267963886261,9,6,23.960107803344727,direct_radius
49.7267963886261,10,6,29.86574363708496,direct_radius
49.92294239997864,5,6,26.875282287597656,direct_radius
49.92294239997864,7,6,35.111263275146484,direct_radius
49.92294239997864,4,6,20.46217155456543,direct_radius
49.92294239997864,1,6,7.720281600952148,direct_radius
49.92294239997864,3,6,7.829494476318359,direct_radius
49.92294239997864,2,6,35.46335983276367,direct_radius
49.92294239997864,8,6,17.407699584960938,direct_radius
49.92294239997864,9,6,23.999067306518555,direct_radius
49.92294239997864,10,6,29.88065528869629,direct_radius
50.120410442352295,5,6,27.26654624938965,direct_radius
50.120410442352295,7,6,35.4647102355957,direct_radius
50.120410442352295,4,6,21.168764114379883,direct_radius
50.120410442352295,1,6,8.209071159362793,direct_radius
50.120410442352295,3,6,8.589193344116211,direct_radius
50.120410442352295,2,6,35.84251022338867,direct_radius
50.120410442352295,8,6,17.462135314941406,direct_radius
50.120410442352295,9,6,24.0670166015625,direct_radius
50.120410442352295,10,6,29.95064353942871,direct_radius
50.3193941116333,5,6,27.64472770690918,direct_radius
50.3193941116333,7,6,35.79181671142578,direct_radius
50.3193941116333,4,6,21.858592987060547,direct_radius
50.3193941116333,1,6,8.6889066696167,direct_radius
50.3193941116333,3,6,9.291918754577637,direct_radius
50.3193941116333,2,6,36.203224182128906,direct_radius
50.3193941116333,8,6,17.49674415588379,direct_radius
50.3193941116333,9,6,24.115489959716797,direct_radius
50.3193941116333,10,6,29.975894927978516,direct_radius
50.5248441696167,5,6,28.05689811706543,direct_radius
50.5248441696167,5,11,8.843297958374023,direct_radius
50.5248441696167,7,6,36.152286529541016,direct_radius
50.5248441696167,7,11,4.255372524261475,direct_radius
50.5248441696167,4,6,22.47690200805664,direct_radius
50.5248441696167,4,11,15.155263900756836,direct_radius
50.5248441696167,1,6,9.106059074401855,direct_radius
50.5248441696167,1,11,29.125926971435547,direct_radius
50.5248441696167,3,6,9.708379745483398,direct_radius
50.5248441696167,3,11,26.792417526245117,direct_radius
50.5248441696167,2,6,36.5958137512207,direct_radius
50.5248441696167,2,11,0.2415544092655182,direct_radius
50.5248441696167,8,6,17.552452087402344,direct_radius
50.5248441696167,8,11,18.848711013793945,direct_radius
50.5248441696167,9,6,24.194936752319336,direct_radius
50.5248441696167,9,11,12.202188491821289,direct_radius
50.5248441696167,10,6,30.020790100097656,direct_radius
50.5248441696167,10,11,6.41202974319458,direct_radius
50.723313093185425,5,6,28.45343589782715,direct_radius
50.723313093185425,5,11,8.599350929260254,direct_radius
50.723313093185425,7,6,36.50581359863281,direct_radius
50.723313093185425,7,11,3.9479126930236816,direct_radius
50.723313093185425,4,6,23.08650779724121,direct_radius
50.723313093185425,4,11,14.610231399536133,direct_radius
50.723313093185425,1,6,9.441437721252441,direct_radius
50.723313093185425,1,11,28.799867630004883,direct_radius
50.723313093185425,3,6,10.112893104553223,direct_radius
50.723313093185425,3,11,26.433076858520508,direct_radius
50.723313093185425,2,6,36.97675323486328,direct_radius
50.723313093185425,2,11,0.5663127303123474,direct_radius
50.723313093185425,8,6,17.609716415405273,direct_radius
50.723313093185425,8,11,18.8393497467041,direct_radius
50.723313093185425,9,6,24.265846252441406,direct_radius
50.723313093185425,9,11,12.178938865661621,direct_radius
50.723313093185425,10,6,30.20368194580078,direct_radius
50.723313093185425,10,11,6.278881072998047,direct_radius
50.92078495025635,5,6,28.498714447021484,direct_radius
50.92078495025635,5,11,8.370882987976074,direct_radius
50.92078495025635,7,6,36.50944519042969,direct_radius
50.92078495025635,7,11,3.6654772758483887,direct_radius
50.92078495025635,4,6,23.348129272460938,direct_radius
50.92078495025635,4,11,14.07182502746582,direct_radius
50.92078495025635,1,6,9.497176170349121,direct_radius
50.92078495025635,1,11,28.450111389160156,direct_radius
50.92078495025635,3,6,10.433557510375977,direct_radius
50.92078495025635,3,11,25.807022094726562,direct_radius
50.92078495025635,2,6,37.003875732421875,direct_radius
50.92078495025635,2,11,0.8643292784690857,direct_radius
50.92078495025635,8,6,17.31505584716797,direct_radius
50.92078495025635,8,11,18.830045700073242,direct_radius
50.92078495025635,9,6,23.983684539794922,direct_radius
50.92078495025635,9,11,12.156478881835938,direct_radius
50.92078495025635,10,6,30.109548568725586,direct_radius
50.92078495025635,10,11,6.069772243499756,direct_radius
51.11776852607727,5,6,28.525135040283203,direct_radius
51.11776852607727,5,11,8.184952735900879,direct_radius
51.11776852607727,7,6,36.492042541503906,direct_radius
51.11776852607727,7,11,3.4222376346588135,direct_radius
51.11776852607727,10,6,29.9988956451416,direct_radius
51.11776852607727,10,11,5.879417896270752,direct_radius
51.11776852607727,4,6,23.235427856445312,direct_radius
51.11776852607727,4,11,13.982634544372559,direct_radius
51.11776852607727,1,6,9.791438102722168,direct_radius
51.11776852607727,1,11,27.812341690063477,direct_radius
51.11776852607727,3,6,10.821354866027832,direct_radius
51.11776852607727,3,11,25.110023498535156,direct_radius
51.11776852607727,2,6,37.00735092163086,direct_radius
51.11776852607727,2,11,1.1877377033233643,direct_radius
51.11776852607727,8,6,16.996353149414062,direct_radius
51.11776852607727,8,11,18.839752197265625,direct_radius
51.11776852607727,9,6,23.682641983032227,direct_radius
51.11776852607727,9,11,12.149023056030273,direct_radius
51.332197427749634,5,6,28.562469482421875,direct_radius
51.332197427749634,5,11,8.016047477722168,direct_radius
51.332197427749634,7,6,36.49274444580078,direct_radius
51.332197427749634,7,11,3.473236083984375,direct_radius
51.332197427749634,10,6,30.000019073486328,direct_radius
51.332197427749634,10,11,5.516108512878418,direct_radius
51.332197427749634,4,6,23.030874252319336,direct_radius
51.332197427749634,4,11,13.985943794250488,direct_radius
51.332197427749634,1,6,10.111466407775879,direct_radius
51.332197427749634,1,11,27.10291290283203,direct_radius
51.332197427749634,3,6,11.047492027282715,direct_radius
51.332197427749634,3,11,24.525619506835938,direct_radius
51.332197427749634,2,6,37.00870132446289,direct_radius
51.332197427749634,2,11,1.5439974069595337,direct_radius
51.332197427749634,8,6,16.646728515625,direct_radius
51.332197427749634,8,11,18.831302642822266,direct_radius
51.332197427749634,9,6,23.347745895385742,direct_radius
51.332197427749634,9,11,12.125594139099121,direct_radius
51.51588416099548,5,6,28.59686279296875,direct_radius
51.51588416099548,5,11,7.907312393188477,direct_radius
51.51588416099548,7,6,36.492740631103516,direct_radius
51.51588416099548,7,11,3.553163766860962,direct_radius
51.51588416099548,10,6,30.000028610229492,direct_radius
51.51588416099548,10,11,5.223394393920898,direct_radius
51.51588416099548,4,6,22.8593807220459,direct_radius
51.51588416099548,4,11,14.00476360321045,direct_radius
51.51588416099548,1,6,10.2139892578125,direct_radius
51.51588416099548,1,11,26.69855499267578,direct_radius
51.51588416099548,3,6,11.071845054626465,direct_radius
51.51588416099548,3,11,24.20730209350586,direct_radius
51.51588416099548,2,6,37.00871658325195,direct_radius
51.51588416099548,2,11,1.8296537399291992,direct_radius
51.51588416099548,8,6,16.366626739501953,direct_radius
51.51588416099548,8,11,18.818632125854492,direct_radius
51.51588416099548,9,6,23.05991554260254,direct_radius
51.51588416099548,9,11,12.119465827941895,direct_radius
51.71685433387756,5,6,28.620098114013672,direct_radius
51.71685433387756,5,11,7.7703938484191895,direct_radius
51.71685433387756,7,6,36.48456954956055,direct_radius
51.71685433387756,7,11,3.6605703830718994,direct_radius
51.71685433387756,10,6,30.000133514404297,direct_radius
51.71685433387756,10,11,4.914609909057617,direct_radius
51.71685433387756,4,6,22.651958465576172,direct_radius
51.71685433387756,4,11,14.013508796691895,direct_radius
51.71685433387756,1,6,10.227934837341309,direct_radius
51.71685433387756,1,11,26.300437927246094,direct_radius
51.71685433387756,3,6,11.11828899383545,direct_radius
51.71685433387756,3,11,23.813491821289062,direct_radius
51.71685433387756,2,6,37.01080322265625,direct_radius
51.71685433387756,2,11,2.178154468536377,direct_radius
51.71685433387756,8,6,16.03559112548828,direct_radius
51.71685433387756,8,11,18.809009552001953,direct_radius
51.71685433387756,9,6,22.748302459716797,direct_radius
51.71685433387756,9,11,12.093050956726074,direct_radius
51.92928600311279,5,6,28.601097106933594,direct_radius
51.92928600311279,5,11,7.615933895111084,direct_radius
51.92928600311279,7,6,36.44303512573242,direct_radius
51.92928600311279,7,11,3.551208734512329,direct_radius
51.92928600311279,10,6,30.000011444091797,direct_radius
51.92928600311279,10,11,4.639981269836426,direct_radius
51.92928600311279,4,6,22.363815307617188,direct_radius
51.92928600311279,4,11,14.030962944030762,direct_radius
51.92928600311279,1,6,10.18641471862793,direct_radius
51.92928600311279,1,11,25.79761505126953,direct_radius
51.92928600311279,3,6,11.507019996643066,direct_radius
51.92928600311279,3,11,23.038970947265625,direct_radius
51.92928600311279,2,6,37.023075103759766,direct_radius
51.92928600311279,2,11,2.532335042953491,direct_radius
51.92928600311279,8,6,15.694513320922852,direct_radius
51.92928600311279,8,11,18.798839569091797,direct_radius
51.92928600311279,9,6,22.427629470825195,direct_radius
51.92928600311279,9,11,12.068228721618652,direct_radius
52.12675929069519,5,6,28.58664894104004,direct_radius
52.12675929069519,5,11,7.510826110839844,direct_radius
52.12675929069519,7,6,36.41801834106445,direct_radius
52.12675929069519,7,11,3.5022783279418945,direct_radius
52.12675929069519,10,6,30.0000057220459,direct_radius
52.12675929069519,10,11,4.44085693359375,direct_radius
52.12675929069519,4,6,22.142885208129883,direct_radius
52.12675929069519,4,11,14.000880241394043,direct_radius
52.12675929069519,1,6,10.353048324584961,direct_radius
52.12675929069519,1,11,25.16522979736328,direct_radius
52.12675929069519,3,6,11.8811616897583,direct_radius
52.12675929069519,3,11,22.346033096313477,direct_radius
52.12675929069519,2,6,37.037376403808594,direct_radius
52.12675929069519,2,11,2.8419859409332275,direct_radius
52.12675929069519,8,6,15.452486991882324,direct_radius
52.12675929069519,8,11,18.746614456176758,direct_radius
52.12675929069519,9,6,22.13853645324707,direct_radius
52.12675929069519,9,11,12.065799713134766,direct_radius
52.32223629951477,5,6,28.614315032958984,direct_radius
52.32223629951477,5,11,7.451246738433838,direct_radius
52.32223629951477,7,6,36.40923309326172,direct_radius
52.32223629951477,7,11,3.534397840499878,direct_radius
52.32223629951477,10,6,30.0000057220459,direct_radius
52.32223629951477,10,11,4.1470184326171875,direct_radius
52.32223629951477,4,6,22.054920196533203,direct_radius
52.32223629951477,4,11,13.830769538879395,direct_radius
52.32223629951477,1,6,10.639155387878418,direct_radius
52.32223629951477,1,11,24.51555824279785,direct_radius
52.32223629951477,3,6,11.96092700958252,direct_radius
52.32223629951477,3,11,21.933513641357422,direct_radius
52.32223629951477,2,6,37.040157318115234,direct_radius
52.32223629951477,2,11,3.1783556938171387,direct_radius
52.32223629951477,8,6,15.287230491638184,direct_radius
52.32223629951477,8,11,18.582765579223633,direct_radius
52.32223629951477,9,6,21.832942962646484,direct_radius
52.32223629951477,9,11,12.042734146118164,direct_radius
52.52070617675781,5,6,28.648681640625,direct_radius
52.52070617675781,5,11,7.439309597015381,direct_radius
52.52070617675781,7,6,36.40318298339844,direct_radius
52.52070617675781,7,11,3.598562002182007,direct_radius
52.52070617675781,10,6,30.000036239624023,direct_radius
52.52070617675781,10,11,3.8611741065979004,direct_radius
52.52070617675781,4,6,21.967269897460938,direct_radius
52.52070617675781,4,11,13.66157054901123,direct_radius
52.52070617675781,1,6,10.693620681762695,direct_radius
52.52070617675781,1,11,24.105567932128906,direct_radius
52.52070617675781,3,6,11.987244606018066,direct_radius
52.52070617675781,3,11,21.573097229003906,direct_radius
52.52070617675781,2,6,37.04292678833008,direct_radius
52.52070617675781,2,11,3.5075740814208984,direct_radius
52.52070617675781,8,6,15.122441291809082,direct_radius
52.52070617675781,8,11,18.41727638244629,direct_radius
52.52070617675781,9,6,21.526596069335938,direct_radius
52.52070617675781,9,11,12.020012855529785,direct_radius
52.722631216049194,5,6,28.437082290649414,direct_radius
52.722631216049194,5,11,7.471574783325195,direct_radius
52.722631216049194,7,6,36.141937255859375,direct_radius
52.722631216049194,7,11,3.7121212482452393,direct_radius
52.722631216049194,10,6,29.741924285888672,direct_radius
52.722631216049194,10,11,3.6478147506713867,direct_radius
52.722631216049194,4,6,21.58607292175293,direct_radius
52.722631216049194,4,11,13.596238136291504,direct_radius
52.722631216049194,8,6,14.768614768981934,direct_radius
52.722631216049194,8,11,18.186492919921875,direct_radius
52.722631216049194,1,6,10.505514144897461,direct_radius
52.722631216049194,1,11,23.723312377929688,direct_radius
52.722631216049194,3,6,11.742936134338379,direct_radius
52.722631216049194,3,11,21.249549865722656,direct_radius
52.722631216049194,2,6,36.785667419433594,direct_radius
52.722631216049194,2,11,3.8353023529052734,direct_radius
52.722631216049194,9,6,20.957435607910156,direct_radius
52.722631216049194,9,11,12.007719993591309,direct_radius
52.91885757446289,5,6,28.10048484802246,direct_radius
52.91885757446289,5,11,7.447678089141846,direct_radius
52.91885757446289,7,6,35.695045471191406,direct_radius
52.91885757446289,7,11,3.8696303367614746,direct_radius
52.91885757446289,10,6,29.36827278137207,direct_radius
52.91885757446289,10,11,3.544480800628662,direct_radius
52.91885757446289,4,6,21.042503356933594,direct_radius
52.91885757446289,4,11,13.627867698669434,direct_radius
52.91885757446289,8,6,14.375566482543945,direct_radius
52.91885757446289,8,11,17.868696212768555,direct_radius
52.91885757446289,1,6,10.336506843566895,direct_radius
52.91885757446289,1,11,23.20494270324707,direct_radius
52.91885757446289,3,6,11.376495361328125,direct_radius
52.91885757446289,3,11,20.948890686035156,direct_radius
52.91885757446289,2,6,36.408935546875,direct_radius
52.91885757446289,2,11,4.170472621917725,direct_radius
52.91885757446289,9,6,20.270275115966797,direct_radius
52.91885757446289,9,11,11.983634948730469,direct_radius
53.12082362174988,5,6,27.85094451904297,direct_radius
53.12082362174988,5,11,7.438565254211426,direct_radius
53.12082362174988,7,6,35.117431640625,direct_radius
53.12082362174988,7,11,3.9087133407592773,direct_radius
53.12082362174988,10,6,29.08468246459961,direct_radius
53.12082362174988,10,11,3.502309560775757,direct_radius
53.12082362174988,4,6,20.58449935913086,direct_radius
53.12082362174988,4,11,13.667702674865723,direct_radius
53.12082362174988,8,6,14.074968338012695,direct_radius
53.12082362174988,8,11,17.552593231201172,direct_radius
53.12082362174988,1,6,10.384541511535645,direct_radius
53.12082362174988,1,11,22.53933334350586,direct_radius
53.12082362174988,3,6,11.104040145874023,direct_radius
53.12082362174988,3,11,20.643922805786133,direct_radius
53.12082362174988,2,6,36.11790084838867,direct_radius
53.12082362174988,2,11,4.50653600692749,direct_radius
53.12082362174988,9,6,19.66278839111328,direct_radius
53.12082362174988,9,11,11.96251392364502,direct_radius
53.32080125808716,5,6,27.697214126586914,direct_radius
53.32080125808716,5,11,7.448700428009033,direct_radius
53.32080125808716,7,6,34.63833999633789,direct_radius
53.32080125808716,7,11,3.951632022857666,direct_radius
53.32080125808716,10,6,28.89920997619629,direct_radius
53.32080125808716,10,11,3.494882822036743,direct_radius
53.32080125808716,4,6,20.233394622802734,direct_radius
53.32080125808716,4,11,13.699630737304688,direct_radius
53.32080125808716,8,6,13.87779712677002,direct_radius
53.32080125808716,8,11,17.230710983276367,direct_radius
53.32080125808716,1,6,10.478248596191406,direct_radius
53.32080125808716,1,11,21.9256534576416,direct_radius
53.32080125808716,3,6,10.936287879943848,direct_radius
53.32080125808716,3,11,20.348690032958984,direct_radius
53.32080125808716,2,6,35.92268371582031,direct_radius
53.32080125808716,2,11,4.845067024230957,direct_radius
53.32080125808716,9,6,19.1649227142334,direct_radius
53.32080125808716,9,11,11.93028450012207,direct_radius
53.51628088951111,5,6,27.791597366333008,direct_radius
53.51628088951111,5,11,7.374625205993652,direct_radius
53.51628088951111,7,6,34.186767578125,direct_radius
53.51628088951111,7,11,3.9965004920959473,direct_radius
53.51628088951111,10,6,28.735437393188477,direct_radius
53.51628088951111,10,11,3.543002128601074,direct_radius
53.51628088951111,4,6,19.904333114624023,direct_radius
53.51628088951111,4,11,13.745291709899902,direct_radius
53.51628088951111,8,6,13.70147705078125,direct_radius
53.51628088951111,8,11,16.905046463012695,direct_radius
53.51628088951111,1,6,10.370837211608887,direct_radius
53.51628088951111,1,11,21.543058395385742,direct_radius
53.51628088951111,3,6,10.795658111572266,direct_radius
53.51628088951111,3,11,20.06509017944336,direct_radius
53.51628088951111,2,6,35.74549102783203,direct_radius
53.51628088951111,2,11,5.1729416847229,direct_radius
53.51628088951111,9,6,18.683372497558594,direct_radius
53.51628088951111,9,11,11.906668663024902,direct_radius
53.73170471191406,5,6,27.683242797851562,direct_radius
53.73170471191406,5,11,7.36012601852417,direct_radius
53.73170471191406,7,6,33.46696853637695,direct_radius
53.73170471191406,7,11,4.0274224281311035,direct_radius
53.73170471191406,10,6,28.340112686157227,direct_radius
53.73170471191406,10,11,3.6556143760681152,direct_radius
53.73170471191406,4,6,19.35403823852539,direct_radius
53.73170471191406,4,11,13.786121368408203,direct_radius
53.73170471191406,8,6,13.28756046295166,direct_radius
53.73170471191406,8,11,16.562074661254883,direct_radius
53.73170471191406,1,6,10.049062728881836,direct_radius
53.73170471191406,1,11,21.13706398010254,direct_radius
53.73170471191406,3,6,10.435064315795898,direct_radius
53.73170471191406,3,11,19.771106719970703,direct_radius
53.73170471191406,2,6,35.332481384277344,direct_radius
53.73170471191406,2,11,5.519491672515869,direct_radius
53.73170471191406,9,6,17.930519104003906,direct_radius
53.73170471191406,9,11,11.898362159729004,direct_radius
53.92718172073364,5,6,27.571016311645508,direct_radius
53.92718172073364,5,11,7.385769844055176,direct_radius
53.92718172073364,7,6,32.81395721435547,direct_radius
53.92718172073364,7,11,4.075119972229004,direct_radius
53.92718172073364,10,6,27.988439559936523,direct_radius
53.92718172073364,10,11,3.839104413986206,direct_radius
53.92718172073364,4,6,18.937480926513672,direct_radius
53.92718172073364,4,11,13.641858100891113,direct_radius
53.92718172073364,8,6,13.10203742980957,direct_radius
53.92718172073364,8,11,16.063861846923828,direct_radius
53.92718172073364,1,6,9.942091941833496,direct_radius
53.92718172073364,1,11,20.563161849975586,direct_radius
53.92718172073364,3,6,10.122357368469238,direct_radius
53.92718172073364,3,11,19.49788475036621,direct_radius
53.92718172073364,2,6,34.957603454589844,direct_radius
53.92718172073364,2,11,5.8524169921875,direct_radius
53.92718172073364,9,6,17.272872924804688,direct_radius
53.92718172073364,9,11,11.85279369354248,direct_radius
